body
"We cannot recommend JD Cars enough! Dale went above and beyond to help us find our perfect family car. After finding the car on their easy to navigate website, we then messaged and received very quick responses to our questions. When we went to see it, although a second hand five-year-old car, the care and attention to detail meant it really does feel like a brand new car.  They gave a good deal on the car and warranty; we couldn’t be happier. We will definitely be recommending their services to anyone we know."
"Excellent service, car is perfect. Would definitely recommend and come back again👏"
"I want to say that is a useful service which very helped me one time. So, I will recommend it to all my friends because it is so lit"
"Went with my son to buy him a car and spoke with Dale. He was professional and helpful. I normally hate buying cars but it was a relaxed environment and it was clear that Dale was interested in finding my son the right car and making sure we were satisfied rather than just selling us anything. The car (Ford Focus) is brilliant, runs like a dream and no issues. Can’t recommend this company enough 👍🏻"
"Amazing customer service, very friendly and welcoming- nothing was too much trouble. I absolutely love my car, it’s never let me down and was like brand new even though it was 5 years old. I would highly recommend and have already told all my friends and family to use JD cars for all their future needs. I can’t thank them enough!"
"Recently bought a car from this seller, absolutely top quality car, very well maintained and in good condition. Had all the relevant information ready and service was excellent. Would defiantly recommend anybody to purchase a car from this company"
"I bought my fabulous Land Rover Freelander from JD Cars last year. Excellent customer service and post-sale support. My car hasn't missed a beat since I've had it! I highly recommend JDs if you're looking for a quality used car backed by knowledgeable and friendly customer service. Thank you, Dale!"
"Brilliant service. Told them exactly what we wanted and they found our new car for us straight away. Customer service was that good, we went back for a second car for the sister in-law. No fuss, no extra costs. If any body I know wants a car, I'll refer them to these guys."
Hi I am mamoon bajwa. 
JD Cars have provided me with my last two work vans both have been faultless and both purchases from start to finish were fantastic. Highly recommend much nicer to deal with a family run business than a big firm. Thank you JD cars I will be back for my next vehicle. 
"Bought a car from Dale and from start to finish it was an easy and pleasant experience. Not pushy, allowed us time to test drive and ask any questions about the car. Would definitely buy from this company again, and would recommend them to any family and friends."
I tasked Dale at JD Cars with finding a vehicle for me 2 years ago. 
Great customer care and very helpful. I have purchased a car and also sold one with JD Cars. Dale and James made the process very easy throughout. I would certainly recommend them to anyone in the future.
"First class experience with dale at JD online, car described perfectly as telephone conversation and videos, dale made sure that I was 100% happy with car before finalizing the deal . Happy to recommend."
Outstanding service from the team at JD Cars . Sent them over what I was after and they got back to me straight away with the perfect vehicle for our business. Recommend to anyone with confidence .
"I bought a car from JD Cars 3 years ago and I would definitely use them again. Knowledgeable, helpful and reliable, and they take time to make sure the car is the right car for you and your needs."
I highly recommend JD cars.
"We have bought three cars from JD Cars. A fantastic team, top customer service and they go that extra mile to ensure your experience is smooth and worry free. Highly Recommended 👍"
"Highly recommend this company, proffessional and friendly service, gave me options re part ex, finance, warranty, with no pressure.... I have and will recommend again."
"Nice pair of lads, look after their stock like it’s their own cars, couldn’t do enough for you, definitely recommend to people"
"Would recommend!  Needed a minor repair to a scratched bumper.  Convenient to book in, fair and transparent price.  Excellent work, looked as good as new!"
I have bought four cars from them now and wach time I have received an excellent service and a great deal.
Second car bought from here. Fantastic personal service.  Made the experience really easy and not stressful.  Would definitely use again.  Thanks.
"Great service from guys at JD cars, efficient and polite. Couldn’t do enough for us in our search for a car ⭐️⭐️⭐️⭐️⭐️"
"Have bought 2 cars recently from JD, excellent customer service, great price and have referred to family and friends with confidence 👍🏻"
"Very friendly staff, no pressure or over bearing sales tactics. Spoke to Dale who was completely invested in providing a quality product."
I would like to say that my experience with buying a car and part exchanging a great experience. Nothing was too much trouble for Dale.
"Found me exactly what I was looking for and delivered it at a great price.  I have, and will continue to recommend to others."
Absolutely fantastic service from start to finish.
Great customer service and care. No heavy sales pitch and everything concluded in a timely manner.
Good advisers. I have recently bought my car here. They have personalized service.
Good company and good dealing.great experience with them.
Dealt with this company more than once now and as usual a really good experience.
Very good service provided the quality and condition of the car was top notch.
Still working on it but seems cool and Interesting
Excellent service and communications throughout. Will definitely use again.
"Ive dealt with JD cars a few times now. Friendly team, excellent service."
"Great service , went the extra mile with regards to customer service ."
"had a couple of transactions  with Dale, great to deal with"
Hey. Love my little Fiesta. Thank you guys 👍☺️
VERY HELPFUL AND TRUSTWORTHY. WOULD USE AGAIN.
"Fast friendly service, would highly recommend"
 
 
 
 
